altmetric_id,any_paper,max_confidence,total_links
2121326,True,high,6
2200816,True,high,3
3841945,True,high,5
3102397,True,high,3
2759767,True,high,11
2222254,True,high,14
2689714,True,medium,1
3888921,True,high,9
2794835,True,high,21
2097291,True,high,5
498754,True,high,20
2554656,True,high,16
2594900,True,high,3
3727819,True,high,15
2438497,True,high,12
30167189,True,high,5
2698865,True,high,4
2594490,True,high,29
2314919,True,high,5
2501715,True,high,1
1137092,True,high,45
2892065,True,high,4
2641533,True,high,9
1977268,True,high,151
4235830,True,high,12
2036301,True,high,8
2199660,True,high,1
3086292,True,high,4
2408874,True,high,29
3795349,True,high,22
2371906,True,high,3
3914893,False,none,2
3779252,True,high,2
3732069,True,high,22
3878011,True,high,2
2895278,True,high,89
2361321,True,high,3
3962692,True,high,14
2941648,True,medium,3
2311325,True,high,1
3769473,True,high,20
2784674,True,high,5
4281060,True,high,8
29186353,False,none,1
2604395,True,high,4
3778826,True,high,11
4264440,True,high,1
2388145,True,medium,1
2509271,True,high,8
2738670,True,high,7
2555715,True,high,6
2715494,True,high,9
1793663,True,high,6
2918814,True,high,23
2950376,True,high,16
2454571,True,high,6
1945484,True,high,17
2274051,True,high,23
2815384,True,high,2
2354681,True,high,1
2577896,True,high,5
2010280,True,high,6
2906196,True,high,16
2506234,True,high,11
101803794,True,high,28
2902852,True,high,1
4135254,True,high,13
2747055,True,high,19
2038205,True,high,79
140381854,True,high,1
2166547,True,high,3
3125901,True,high,1
2696001,False,none,3
2303536,True,high,1
2732716,True,high,4
2369189,True,high,15
249868,True,high,18
2581052,True,high,7
1493585,True,high,23
3740528,True,high,1
1843856,True,high,10
2500689,True,high,6
4038105,True,high,26
4213237,True,high,37
776312,True,high,6
2333329,True,high,170
3755798,True,high,3
3805800,True,high,4
4140106,False,none,1
2384016,True,high,1
101853068,True,high,16
610090,True,high,5
2427942,True,high,16
3933180,True,high,4
2480553,True,high,2
2968836,True,high,6
2357536,True,high,6
3077055,True,high,26
3082257,True,high,10
2633906,True,high,37
2324679,True,high,1
2087688,True,high,7
2997566,True,high,5
3739658,True,high,13
3780710,False,none,1
2389127,True,high,8
2543023,True,high,1
2703363,True,high,12
3811036,True,high,5
2963097,True,high,20
3092105,True,high,11
2315801,True,high,1
890763,True,high,4
2448320,True,high,2
2688399,True,high,11
3855228,True,high,18
3205699,True,high,2
1895004,True,low,2
2879155,True,high,16
3538089,True,high,60
2425546,True,high,21
3069465,True,high,8
2752410,True,high,15
3069816,True,high,4
1319252,True,high,12
2985410,True,high,14
2334117,True,high,5
2300212,True,high,8
2345015,True,high,6
2722417,True,high,16
2564282,True,high,3
2913308,True,high,5
2770716,True,high,30
2761224,True,high,2
2812335,True,high,6
2146046,True,high,14
2311503,True,high,37
42052382,True,high,5
3208329,True,high,1
3705378,True,high,11
2407966,True,high,6
2900817,True,high,10
2994727,True,high,18
1802949,True,high,6
2712559,True,high,24
2677730,True,high,6
2892720,True,high,6
2811391,True,high,3
2902572,True,high,3
2978426,True,high,3
2981718,False,none,1
2479825,True,high,6
2967535,True,high,1
2804849,True,high,7
3099692,True,high,7
2611082,True,high,5
387352,True,high,29
2546084,True,high,3
2528438,True,high,29
2280160,True,high,6
3746342,True,high,1
2761232,True,high,1
2670017,True,high,1
2827456,True,high,4
3711465,True,high,11
2585469,True,high,3
2866266,True,high,5
3750816,True,high,6
2592014,True,high,14
2612453,True,high,40
2427160,True,high,8
2703861,True,high,24
2941379,True,high,1
2510016,True,high,2
1633536,True,high,18
2329414,True,high,1
2801185,True,high,3
1102752,True,high,19
2422989,True,high,21
2303853,True,high,3
3044520,True,high,16
3036465,True,medium,1
2929150,True,medium,2
2734930,True,high,29
2351601,True,high,13
3058366,True,high,2
2709802,True,high,2
2728394,True,high,7
2398560,True,high,1
2858698,True,high,22
2744608,True,high,10
3075583,True,high,2
3082957,True,high,8
3948110,True,high,5
2672658,True,high,4
2905218,True,high,67
102069106,True,high,17
2546069,True,high,93
3711493,True,high,67
2709421,True,medium,1
2905760,True,high,17
2631835,True,high,8
3095939,True,high,5
3694676,True,high,14
2807190,True,high,27
3793449,True,medium,1
2460328,True,high,5
2732837,True,high,24
2826952,True,high,7
3008178,True,high,20
428388,True,high,8
218059,True,high,42
2945043,True,medium,2
2909058,True,high,16
2329108,True,high,5
2894891,True,high,8
1877314,True,high,24
2520591,True,high,8
2982440,True,high,4
2843193,True,high,3
2053027,True,high,3
1412903,True,high,17
3096828,True,high,9
3048692,True,high,22
1845706,True,high,42
2501708,True,high,38
391259,True,high,28
3158363,True,high,9
2464589,True,high,51
2599150,True,high,6
2646782,True,high,7
3820184,True,high,5
2293222,True,high,10
3489936,True,high,24
3797205,True,medium,2
101766815,True,high,47
2972062,True,high,18
3754915,True,high,31
1956717,True,high,10
2610082,True,high,16
3748849,True,high,9
2691969,True,high,13
1355662,True,high,14
2332348,True,high,1
2603513,True,high,2
2585175,True,high,15
2405442,True,high,3
3065192,True,high,93
3006987,True,high,16
3516517,True,medium,1
2288974,True,high,262
3823591,True,high,40
2755083,True,high,6
2896659,True,high,36
2817879,True,high,5
101950238,True,high,9
3103402,True,medium,1
2422323,True,high,2
2534391,True,high,3
3690654,True,high,6
2375885,True,high,10
2828143,True,high,14
2139206,True,high,2
2686299,True,high,2
375306,True,high,21
2919781,True,high,15
2476904,True,high,17
2524735,True,high,1
2712631,True,high,25
1854415,True,high,110
2179476,True,high,6
2499191,True,high,6
3012318,True,medium,1
2905486,True,high,16
2019661,True,high,32
584446,True,high,11
2969190,True,medium,1
3801489,True,high,2
780346,True,high,5
4153362,True,high,4
2687717,True,high,7
1087011,True,high,2
3346849,True,high,3
1805312,True,high,10
1789331,True,high,33
3060063,True,high,1
2693924,True,medium,1
1797672,True,high,162
3047876,True,high,10
3402270,True,high,2
3069159,True,high,26
2350426,True,high,3
2890381,True,high,3
3768924,True,high,11
2923271,True,high,15
2927682,True,high,43
3804624,True,high,8
3068806,True,high,6
2912437,True,high,19
2647219,True,high,6
3055196,True,high,5
3794587,True,high,26
2738100,True,high,4
2614831,True,high,11
3090697,True,high,10
3297985,True,high,5
2278999,True,high,12
3804680,True,high,12
2671736,True,high,17
2686803,True,high,5
2996590,True,high,19
12062638,True,high,7
2357845,True,high,6
2636913,True,high,10
3711604,True,high,13
2517982,True,high,10
3090999,True,medium,1
2719499,True,medium,1
1574867,True,high,4
3769269,True,high,14
3537445,True,high,18
4512437,False,none,1
1892731,True,high,9
2606324,True,high,14
219878,True,high,24
2017721,True,high,7
3707032,True,high,15
2182177,True,high,9
2684504,True,high,16
2930575,True,high,12
3073015,True,high,16
2516550,True,high,7
2331709,True,high,10
660070,True,high,4
2888901,True,high,12
2921504,True,medium,1
2319057,True,high,5
2004870,True,high,2
2924728,True,high,42
2498154,True,high,16
3443890,True,high,15
2943977,True,high,1
2338915,True,high,2
2614220,True,high,11
2712945,True,high,12
2448850,True,high,36
101727808,True,high,9
2513376,True,high,9
2667581,True,high,17
2966220,True,high,31
2543510,True,high,11
2664047,True,high,1
3548693,True,high,15
1393998,True,high,3
3030883,True,high,20
3033768,True,high,23
2015052,True,high,8
2939370,True,high,35
3008889,True,medium,1
3011772,True,high,3
3086658,True,high,5
1864149,True,high,4
2744110,True,high,13
3746911,True,medium,3
2593029,True,high,5
101925816,True,high,13
2529077,True,high,6
1575589,True,high,153
4249757,True,medium,1
4280667,True,high,9
3445869,True,high,2
2661524,True,high,1
2529580,True,high,1
2692181,True,high,5
2927165,True,high,21
2906910,True,high,2
2611523,True,high,6
2862301,True,high,3
2712139,True,high,6
2554642,True,high,10
1660900,True,high,8
2897779,False,none,1
3046062,True,medium,1
2463988,True,high,2
3709240,True,high,15
3708796,True,high,22
2312408,True,high,5
2772666,True,high,4
2392997,True,high,16
505077,True,high,4
2885622,True,high,4
889230,True,high,17
2670000,True,high,8
2991098,True,high,4
2319390,True,high,11
2466577,True,high,37
2328185,True,high,5
1900782,True,high,48
2598509,True,high,61
3103275,True,high,1
3367171,True,high,16
3324417,True,high,13
2737765,True,high,4
2846873,True,high,13
2757895,True,high,5
1718725,True,high,61
2885572,True,high,23
2263604,True,high,8
1660695,True,medium,2
4086704,True,high,6
3714925,True,high,5
2852313,False,none,1
2596199,True,high,2
2826231,True,high,5
3392461,True,medium,1
2288217,True,high,10
2710168,True,high,20
2717858,True,high,3
2836177,True,high,4
3546666,True,high,13
3081841,True,high,1
2308390,True,high,19
3735558,True,high,16
3801617,True,high,104
3082541,True,high,2
2546609,True,high,10
3829752,True,high,22
2757157,True,high,16
2639264,False,none,1
3878857,True,high,4
2633368,True,high,11
3072399,True,high,9
2688604,True,high,4
2342238,True,high,1
2976395,True,high,10
2295295,True,high,2
1921975,True,high,7
2909312,True,high,16
3954020,True,high,36
2540733,True,high,17
620849,True,high,7
2677739,True,medium,1
2663188,True,high,8
2910984,True,high,6
3702426,True,high,1
2622251,True,high,12
2318084,True,high,8
2931190,True,high,29
2074531,True,high,15
2558810,True,high,9
2925646,True,high,2
1735040,True,high,23
4280422,True,high,27
1326744,True,high,27
3166839,True,high,1
2527956,True,high,10
1459421,True,high,9
2822149,True,high,9
3450076,True,high,1
2857323,True,high,58
2500346,True,high,36
2292287,True,high,19
2989863,True,medium,1
2572502,True,high,2
3704794,True,high,31
2587027,True,high,31
2747246,True,high,8
3095498,True,high,4
3447180,True,medium,1
101762455,True,high,20
2503226,True,high,11
2507720,True,high,12
3721236,True,high,15
2641245,True,high,5
2628464,True,high,21
822880,True,high,3
2754598,True,high,6
3077024,True,high,72
3153382,True,high,24
3932191,True,high,18
1652602,True,high,10
983009,True,high,5
4198853,True,high,10
1837207,True,high,63
2811988,True,high,5
4284788,True,high,11
4207709,True,high,20
2761119,True,high,23
2953967,True,high,3
2975388,True,high,8
2525342,True,high,12
3442837,True,high,22
2470817,True,high,10
3727570,True,high,7
1643718,True,high,2
2298253,True,high,10
2620089,True,high,3
3077068,True,high,24
2754116,True,high,25
2869057,True,medium,1
2303691,False,none,1
1450201,True,high,1
2139494,True,high,11
2905561,True,high,23
1415289,True,high,5
3147699,True,high,13
2979542,True,high,1
123807206,True,high,26
2493531,True,high,11
2325110,True,high,68
4066042,True,high,43
2982712,True,medium,3
2383233,True,high,6
2715233,True,high,13
3976532,True,high,16
2517987,True,high,7
2951520,True,high,13
2389095,True,high,20
3321328,True,high,21
2278702,True,high,6
3740267,True,high,3
2730751,True,high,11
3714368,True,medium,1
2022538,False,none,1
1584778,True,high,7
2323223,True,high,26
2830040,True,high,1
1757019,True,high,9
3008959,True,high,3
2636439,True,high,12
3530364,True,medium,1
2000266,True,high,6
1577704,True,high,13
3079403,True,high,10
3718851,True,high,1
3014902,True,high,7
3105160,True,high,2
2577267,True,high,6
2698116,True,high,6
2920324,True,high,27
2532998,True,high,7
2287268,True,high,30
2853481,False,none,1
2549883,True,high,18
4234699,True,high,1
2488776,True,high,6
2602935,True,high,7
4140209,True,high,2
4906170,True,high,2
2386518,True,high,113
2996604,True,high,66
2328845,True,high,13
2269566,True,high,7
2742144,True,high,1
2925173,True,high,1
2844529,True,high,1
1556143,True,high,7
3063353,True,high,10
2341902,True,high,5
1410374,True,high,10
101726040,True,high,17
2554410,True,high,6
2214741,True,high,12
2675660,True,high,8
2474966,True,high,4
2763552,True,high,4
1290609,True,high,3
3720988,True,high,30
2843408,True,high,6
3857546,True,high,6
1216935,True,high,15
2938120,True,high,20
3724163,True,high,3
3038437,True,high,10
2041018,True,medium,6
3055287,True,high,12
4156378,True,high,7
3015157,True,medium,2
3687395,True,medium,1
3041517,True,high,35
2800856,True,high,3
2651598,True,high,16
4299342,True,high,31
2591582,True,high,15
3437278,True,medium,1
2443183,True,high,3
2494324,True,high,6
3148322,True,high,30
2299656,True,high,26
3263375,True,high,14
2695892,True,high,13
2937963,True,medium,2
1379102,True,high,9
2924656,True,high,10
2806490,True,high,18
2630203,True,high,16
2515032,True,high,14
101806909,True,high,67
3700793,True,medium,1
2902213,True,high,13
2873124,True,high,1
3025613,True,medium,1
2661522,True,high,1
2806283,True,high,2
2928223,True,high,14
3704975,True,high,1
1137823,True,high,36
2568439,True,high,11
2896925,True,high,51
2594066,True,high,145
2310459,True,high,75
2790091,True,high,2
2318074,True,high,5
3125900,True,high,2
2849961,True,high,6
2878529,True,high,4
3888882,True,high,14
3968200,True,high,9
2764719,True,high,1
3895530,True,high,9
1990260,True,high,22
12038302,True,medium,1
2677651,True,high,1
3783015,True,medium,1
2417204,True,high,6
2683027,True,high,6
2351978,True,high,7
2633000,True,high,11
2855542,True,high,27
3930083,True,high,9
2725273,True,high,27
4143761,True,high,1
4224496,False,none,1
3093903,True,high,39
2548799,True,high,91
2464641,True,high,16
2943525,True,high,11
2663640,True,high,2
2974884,True,high,32
2607186,True,high,2
2756150,False,none,1
2421766,True,high,4
2399066,True,high,5
2910656,True,medium,1
3079107,True,high,6
2407261,True,high,18
2870933,True,high,54
2249124,True,high,7
2578348,False,none,1
744173,True,high,9
2983171,True,high,7
3037322,True,high,1
3780863,True,high,14
1219175,True,high,24
3178084,True,high,8
2418703,True,high,5
2414443,True,high,2
2782395,True,high,30
3781091,True,high,9
2398606,True,high,69
3786842,True,high,13
2747170,True,high,19
3056991,True,medium,1
101861337,True,high,11
1164390,True,high,33
2543019,True,high,1
958181,True,high,2
2994485,True,medium,1
2453335,True,high,6
4136203,True,high,39
2967864,True,high,13
4176461,True,high,2
595416,True,high,8
3015206,True,medium,1
101958237,True,high,29
3811407,True,high,5
3737464,True,medium,1
3825911,True,high,3
2963517,True,high,11
2732889,True,high,12
2440596,True,high,10
1548287,True,high,7
3092348,True,high,6
2599004,True,high,1
2975933,True,high,4
2672490,True,high,19
3903423,True,high,12
477889,True,high,5
2695290,True,high,9
2395374,True,high,17
1608679,True,high,17
2471643,True,high,128
2482266,True,high,11
2753877,True,high,3
2438374,True,high,8
2440751,True,high,11
1420070,True,high,8
2914469,True,high,2
1796927,True,high,4
2561835,True,high,3
2542624,True,high,4
3031826,True,high,2
3702795,True,high,3
4140112,True,high,2
101772221,True,high,19
3013549,True,high,8
101645023,True,high,172
2358585,True,high,26
3991371,True,high,6
2663856,True,high,5
1966402,True,high,10
1308765,True,high,21
1799712,True,high,8
2316385,True,high,11
2779558,True,high,6
2800085,True,high,3
2378486,True,high,1
2796229,True,high,11
4099958,True,high,5
3758682,True,high,7
2349838,True,high,7
2909511,True,high,9
17683016,False,none,1
1805945,True,high,6
2231650,True,high,17
2742765,True,high,4
2729786,True,high,10
2424511,True,low,1
2373158,False,none,1
3073477,True,high,8
2579279,True,high,1
2931044,True,high,23
3034982,True,high,6
2100354,True,high,13
3119552,True,high,7
3825060,True,high,4
2558182,True,high,10
2651913,True,high,10
2605219,True,high,1
2992667,True,high,12
3843985,True,high,10
2982716,True,medium,2
2488359,True,high,18
2672441,True,high,7
3007130,True,high,22
1897694,True,high,52
254277,True,high,18
2673793,True,medium,1
4032803,True,high,3
2140761,True,high,10
3704178,True,high,34
2716412,True,medium,1
12682862,True,medium,1
2623319,True,high,2
2805558,True,high,39
2850774,True,high,2
101833557,True,high,12
3081230,True,high,21
2515789,True,high,28
3839100,True,high,8
3442348,True,medium,3
1261240,True,high,5
2826459,True,high,19
3821853,True,high,3
2292578,True,high,2
20343540,True,medium,3
3148492,True,high,21
841263,True,high,16
2320961,True,high,3
4213799,True,high,1
2408823,True,high,1
1213007,True,high,5
2386109,True,high,6
2921300,True,medium,1
3758692,True,high,11
3219563,True,low,3
3045818,True,medium,1
3710503,True,high,11
2687282,True,medium,1
2889679,True,high,4
870609,True,high,2
2130356,True,high,11
2455898,True,high,4
4185038,True,high,12
2375189,True,high,8
2183369,True,high,7
2622272,True,high,15
1260466,True,high,2
2481185,True,high,10
3264808,True,high,4
2287546,True,high,13
1722320,True,high,7
4094149,True,high,30
443495,True,high,23
3334253,True,medium,1
2677731,True,medium,1
2683603,True,high,10
1283056,True,high,3
2947169,True,high,29
3804363,True,high,2
2695635,True,high,9
2469343,True,high,5
3015545,True,high,15
2420341,True,high,4
2676072,True,high,46
2325417,True,high,4
2989836,True,high,8
3145700,True,high,9
2386547,True,high,13
2770239,True,high,8
2544097,True,high,14
2489186,True,high,7
2521979,True,high,16
2529970,True,high,25
102665998,True,high,3
2283080,True,high,4
1505165,True,high,13
2348122,True,high,2
2879365,True,high,3
3759216,True,high,14
2265401,True,high,8
2579785,True,high,17
2290276,True,high,8
1806781,True,high,10
2909021,True,high,7
3998350,True,high,8
1382653,True,high,6
3745507,True,high,11
2897684,True,medium,2
3256367,True,high,3
1975306,True,high,5
3091556,True,medium,7
2906730,True,high,1
3012378,True,high,6
3895097,True,high,3
2707744,True,high,5
2965875,True,high,15
2420069,True,high,2
2295116,True,high,11
837175,True,high,4
101683838,True,high,139
2569783,True,high,2
2495110,True,high,14
3758987,True,high,26
2739819,False,none,1
2527418,True,high,25
3101533,True,high,1
2566198,True,high,5
1975741,True,high,25
2367063,True,high,11
3806943,True,medium,1
4152729,True,high,1
3005987,True,medium,3
1016141,True,high,29
2407590,True,high,3
2115892,True,high,13
3810168,True,high,15
3082282,True,high,35
2344228,True,high,7
2758794,True,high,8
2284615,True,high,16
442331,True,high,44
2483247,True,high,2
3084519,True,high,4
2700536,True,high,2
2606714,True,high,3
2292332,True,high,10
2292720,True,medium,2
2905685,True,high,10
2397566,True,high,5
2476751,True,high,16
2372487,True,high,14
2302095,True,high,21
2728871,True,high,12
3736064,True,high,21
817243,True,high,2
2321216,True,high,51
2370393,True,high,13
1872226,True,high,25
2521197,True,high,5
3547601,True,high,11
2586186,True,high,2
2779015,True,high,17
455068,True,high,27
2843762,True,high,11
2508890,True,high,2
2318076,True,high,8
2427949,True,high,11
3071520,True,high,2
12815225,True,high,3
2474917,True,high,5
3722461,True,high,16
3805820,True,high,12
3181074,True,high,4
4049164,True,high,8
2426746,True,low,1
1204053,True,high,14
3108006,True,high,8
2311531,True,high,24
2657611,True,high,9
3119153,True,high,35
1308715,True,high,10
3016488,True,medium,1
2227524,True,high,100
2399086,True,high,25
2654006,True,high,14
2304946,True,high,5
2827177,True,high,2
3813096,True,high,3
2625500,True,high,1
2498629,True,high,40
3008748,True,medium,1
2368047,True,high,7
2684789,True,high,1
981655,True,high,31
2683327,True,high,2
2614403,True,high,1
2673548,True,high,4
3822079,True,high,2
218392,True,high,4
2941316,True,high,3
2862297,True,high,9
3181671,True,high,5
2465274,True,high,13
2444348,True,high,5
2894787,True,medium,1
961126,True,high,12
3106619,True,high,25
2367687,True,high,3
3050239,True,high,7
3080516,True,medium,1
2065243,True,high,21
2567332,True,high,12
408156,True,high,7
2498058,True,high,4
2425501,True,high,8
3032482,True,high,2
4173936,True,high,1
410627,True,high,5
2635668,True,high,12
3033611,True,high,2
2723339,True,medium,1
3538802,True,high,6
2368896,True,high,23
3069820,True,medium,1
2062483,True,high,2
2496515,True,high,13
2972989,True,high,9
1917616,True,high,12
3966477,True,high,13
22900128,True,high,12
3069464,True,high,3
3771278,True,high,4
2764897,True,high,71
4070853,True,high,7
2902975,True,medium,2
2359581,True,high,1
2696018,True,high,4
2363629,True,high,6
2511402,True,high,9
2466930,True,high,1
2634471,True,high,2
623853,True,high,142
101746040,True,high,11
2504320,True,high,37
621032,True,high,28
1802163,True,high,1
2354204,True,high,12
2952802,True,high,6
3058230,True,high,16
3050244,True,high,5
583429,True,high,29
2327646,True,high,33
2645315,True,high,4
3005849,True,medium,3
4233446,True,high,3
1877265,True,high,3
3312532,True,high,4
2725782,True,medium,1
2959205,True,high,5
2901795,True,high,3
2471214,True,high,56
2813094,True,high,19
3012338,True,medium,2
2464635,True,high,13
101641220,True,high,10
2483470,True,high,8
2636758,True,high,9
2845686,True,high,3
2576593,True,high,11
1426298,True,high,16
3006565,True,high,2
3026998,True,high,1
2541679,True,high,1
2871412,True,high,12
2773858,True,high,3
2950368,True,high,14
2992659,True,high,10
2287678,True,high,20
101768226,True,high,21
2799987,True,high,3
3008187,True,high,11
4213452,True,high,10
2433863,True,high,28
2693877,True,high,9
1920580,True,high,545
2209151,True,high,11
3818086,True,high,12
2298802,True,high,4
3443730,True,high,6
3700090,True,medium,1
2921125,True,high,1
2933082,True,high,5
2538792,True,high,2
2667145,True,medium,1
2505156,True,high,2
3783081,True,medium,1
2441071,True,high,62
2867825,True,medium,1
2886400,True,high,3
2431026,True,high,6
2283954,True,high,2
2606621,True,high,12
2803338,True,high,12
2677514,True,high,6
3099585,True,high,9
2090051,True,high,7
2921180,True,medium,1
2292472,True,high,6
4165203,True,high,8
2768006,True,medium,2
2504170,True,high,4
2354690,True,high,2
2904909,True,high,5
2725920,False,none,2
2371976,True,high,24
2994825,True,high,7
2633647,True,high,4
3767551,True,medium,1
2442795,True,high,16
3061760,True,high,16
4154514,True,medium,1
890977,True,high,49
2921513,True,high,3
3050053,True,high,2
1920865,True,high,5
3840725,True,high,1
2299726,True,high,12
2635102,True,high,11
3007565,True,high,13
22898259,True,high,12
2499788,True,high,13
217419,True,high,4
2940268,True,high,9
3809991,True,high,10
2992486,True,high,12
3567052,True,high,44
3739070,True,high,3
3762795,True,high,9
2894473,True,medium,1
2645471,True,high,40
2363989,True,high,38
2714957,True,high,20
3323178,True,high,19
2689384,True,high,1
2903229,True,high,14
101641058,True,high,28
2126026,True,high,13
3716453,True,high,10
2377674,True,high,1
2762631,True,high,4
2708516,True,high,17
2363806,False,none,1
2706496,True,high,4
3791155,True,high,2
2329112,True,high,5
4082110,True,high,46
2327932,True,high,7
102475813,True,high,10
3754777,True,high,36
2683192,True,high,5
2993684,True,high,10
2666668,True,high,4
3973711,True,high,3
623351,True,high,81
2806813,True,high,7
4259443,True,high,35
2925580,True,high,3
3745710,True,high,5
2348034,True,high,17
2303234,True,high,17
2693888,True,medium,2
2496542,True,high,15
2884290,True,high,5
3034901,True,high,7
3815635,True,high,5
1521329,True,high,10
2262227,True,high,18
3880866,True,high,62
3015189,True,medium,1
2712663,True,high,1
2467247,True,high,35
2330694,True,high,14
2667155,True,medium,1
2302029,True,high,6
2987659,True,high,1
2779931,True,high,2
1964563,True,high,12
3046474,True,high,4
4187737,True,high,1
1230821,True,high,6
787988,True,high,15
2668667,True,high,5
2001533,True,high,15
755024,True,high,21
1557815,True,high,3
2753367,True,high,6
3308382,True,high,9
2994354,True,medium,1
2401074,True,high,2
2385614,True,high,5
2896950,True,high,26
2332163,True,high,6
397549,True,high,11
675224,True,high,31
2337719,True,high,7
101738140,True,high,34
3072576,False,none,2
2435107,True,high,3
3760685,True,high,3
2927526,True,high,16
2972044,True,high,23
2806781,True,high,35
1190976,True,high,18
3099126,True,high,68
2297360,True,high,11
2617641,True,high,5
2609376,True,high,87
2475018,True,high,6
4230100,True,high,6
1273269,True,high,16
2635626,True,high,48
2843293,True,high,11
3071236,True,high,4
2115173,True,high,6
2882708,True,medium,1
2823722,True,high,4
2294138,True,high,3
2108919,True,high,80
905174,True,high,4
2949893,True,high,5
3085592,True,high,1
3781582,True,high,15
2303414,True,high,19
2894914,True,high,2
2633505,True,high,2
1863686,True,high,14
2683086,True,high,8
2559144,True,high,20
1907133,True,high,5
2489517,True,high,15
2296734,True,low,1
3758653,True,high,31
2857872,True,high,5
3007611,True,high,9
2430976,True,high,10
2474188,True,high,8
2441693,True,high,4
2795484,True,high,8
4226902,True,high,2
1153095,True,high,26
3080832,True,high,2
1800645,True,high,11
2031570,True,high,13
2803238,True,high,7
2857456,True,high,34
2002924,True,high,16
938901,True,high,6
868187,True,high,5
2944301,True,high,3
560668,True,high,6
2936215,True,high,3
3061639,True,high,1
2573405,True,high,19
2676171,True,high,11
3758245,True,high,3
3744328,True,high,2
2831043,True,high,53
1952801,True,high,10
1696059,True,high,11
2717176,True,medium,1
2677437,True,high,4
3001381,True,high,4
3717111,True,high,6
2758745,True,high,5
3065381,True,high,7
889455,True,high,6
3834173,True,high,4
3821555,True,medium,1
1630080,True,high,7
2442503,True,high,121
2803548,True,high,8
3770368,True,high,7
3103033,True,high,6
2798014,True,high,15
3797210,True,medium,1
2920212,True,high,13
2035078,True,high,41
2972043,True,high,14
3769291,True,high,14
2464425,True,high,9
3030081,True,high,10
3030873,True,high,24
2687470,True,high,3
1311317,True,medium,1
244902,True,high,25
2683058,True,high,10
2680347,True,high,27
3804523,True,high,10
2740928,True,medium,1
4033431,True,high,2
2358943,True,high,9
2311235,True,high,7
2677762,True,medium,1
1514043,True,high,6
3759091,True,high,39
2329822,True,high,4
602546,True,high,5
3081840,True,high,1
2508056,True,high,7
2888222,True,high,12
1377592,True,high,12
3715196,True,high,6
2230520,True,high,12
3783178,True,high,3
2487576,True,high,2
2300169,True,high,18
2723200,True,high,12
2197618,True,high,6
2677748,True,medium,1
2638613,True,high,18
2751729,True,high,12
2936065,True,high,7
3099184,True,high,11
2630028,True,high,45
2355293,True,high,19
1609546,True,high,10
2990264,True,medium,2
2996501,True,high,8
2765531,False,none,1
2977826,True,high,2
2657691,True,high,6
2704479,True,high,43
2648751,True,high,33
3715353,True,high,2
3883415,True,high,1
2424693,True,high,11
3763636,True,high,4
2820617,True,high,44
2576435,True,high,17
443386,True,high,10
3079561,True,high,5
2619643,True,high,8
3091337,True,high,2
834955,True,high,16
2420213,True,high,3
3931867,True,high,63
2940620,True,high,1
3807276,True,high,2
2303347,True,high,6
3587525,True,high,15
2691846,True,high,211
2953211,True,low,2
2996793,True,high,5
2570917,True,high,1
3736976,True,high,2
1204130,True,high,46
4189669,True,high,2
2357816,True,high,6
1050084,True,high,2
3377445,True,high,22
3005604,True,medium,1
3893094,True,high,12
2001454,True,high,7
2445751,True,high,35
3060395,True,high,17
2998030,True,medium,1
2410238,True,high,15
2737587,True,high,7
2439966,True,high,9
2392691,True,high,7
2617590,True,high,13
3197694,True,high,4
1472856,True,high,22
4071993,True,high,11
2474454,True,high,6
2914103,True,high,14
2327711,True,high,7
1229843,True,high,11
2594321,True,high,23
3005798,False,none,1
2579300,True,high,4
2343614,True,high,1
3987002,True,high,15
2363018,True,high,6
2752109,True,high,23
2610398,True,high,5
3305640,True,high,21
3079858,True,high,2
2883202,True,medium,1
2735222,False,none,1
2783557,True,high,8
2774764,True,high,5
2655942,True,medium,1
2930776,True,high,4
2570845,True,high,7
3715237,True,high,34
4290166,False,none,2
2820848,True,high,20
3524379,True,high,3
3775547,True,high,2
1690157,True,high,8
2635586,True,high,4
3043749,True,high,1
2847165,True,high,16
3376276,True,high,4
2343033,True,high,8
1500693,True,medium,2
2976868,True,high,11
2934926,True,high,6
1090150,True,high,1
2538883,True,high,24
2819657,True,high,4
2988824,True,high,3
2723311,True,high,5
2998469,True,medium,1
3758198,True,high,23
3266297,True,high,4
101920904,True,high,16
2654987,True,high,8
3026904,True,medium,1
2306162,True,high,3
1119595,True,high,6
3011230,True,high,12
250409,True,high,12
3717603,True,high,3
70245411,True,high,7
2732887,True,high,13
2448451,True,high,20
2765454,True,high,3
4246073,True,high,3
2803234,True,high,37
3778856,True,high,3
2536034,True,high,8
3001844,True,high,17
2415596,True,high,6
2938408,True,medium,6
2593584,False,none,1
2682608,True,high,15
2803111,True,high,14
2914475,True,high,1
2576598,True,high,14
3761648,True,high,6
3014755,True,high,15
3039041,True,high,2
2203393,True,high,16
3111035,True,high,2
378392,True,high,27
2333528,True,high,14
2363123,False,none,1
2594207,True,high,73
2453304,True,high,2
2816172,True,high,30
2931204,True,high,12
2784544,True,high,3
101812455,True,high,66
2430082,True,high,10
4093251,True,high,22
2500697,True,high,5
2387488,True,high,2
2796920,True,high,13
3424217,True,high,6
2965185,True,medium,1
2869364,True,high,9
3772566,True,high,4
2992379,True,high,6
2695727,True,high,6
3027147,True,high,11
4136160,True,high,12
2726351,True,high,6
3792276,True,medium,1
2265121,True,high,7
3756092,True,medium,1
3705759,True,high,8
3084751,True,high,3
2994501,True,medium,1
2318301,True,high,7
2844448,True,high,18
3735568,True,high,24
2524280,True,high,22
2297097,True,high,1
4140283,True,high,1
1915391,True,high,9
1056167,True,high,5
2822018,True,high,5
4152081,True,medium,1
1587140,True,high,4
3586389,True,high,123
1998477,True,high,16
2722416,True,high,9
2921659,True,high,6
2056889,True,high,6
1403160,True,high,5
2440819,True,high,12
2975778,True,high,19
3121040,True,high,17
2621848,True,high,1
3735893,True,high,36
2821222,True,high,8
2723345,True,high,31
1375848,True,high,16
2807054,True,high,15
2520886,True,high,9
3353405,True,high,1
3735324,True,high,23
3026115,True,medium,1
29386704,False,none,3
2658878,True,high,6
3809789,True,high,17
1244799,True,high,19
3718573,True,high,5
2538138,True,high,6
453463,True,high,5
2909474,True,high,12
2849422,True,medium,2
2759214,True,high,1
2323343,True,high,5
2372120,True,high,13
2722728,True,high,2
2927649,True,high,9
2939386,True,high,9
3727144,True,high,2
3562298,True,medium,1
4004777,True,high,5
2631988,True,high,46
2910882,True,high,4
3332599,True,high,3
230247,True,high,8
2116345,True,high,10
1169211,True,high,1
2504062,False,none,1
2456641,True,high,23
3048129,True,high,10
2638103,True,high,7
2723135,True,high,4
2647974,True,high,4
3711418,True,high,25
3324284,True,high,25
2963753,True,high,25
2685386,True,high,44
101874861,True,high,13
2851862,True,high,3
2614259,True,high,7
2390455,True,high,1
2593982,True,high,14
2946869,True,high,12
3010186,True,high,7
2830676,True,medium,1
2365549,True,high,24
3767663,True,high,1
2676140,True,high,6
3014025,True,high,2
2589895,True,high,2
437216,True,high,30
3334830,True,high,2
1889779,True,high,20
3076980,True,high,16
3747892,True,high,3
3804399,True,high,239
2979617,True,high,1
2815815,True,high,1
2596472,True,high,18
3025669,True,high,2
2299537,True,high,35
2587065,True,high,12
2594889,True,high,13
2057131,True,high,5
2624292,True,high,10
2493001,True,high,21
2409433,True,high,11
2233658,True,high,5
1761087,True,high,3
3326162,True,high,9
2852344,True,medium,1
2145600,True,high,25
2431607,True,high,8
2743460,True,high,7
2726608,True,high,2
3012339,True,medium,3
2625946,True,high,3
2464103,True,high,7
3030651,True,high,17
2977949,True,high,5
2841636,True,high,2
675242,True,high,4
3015516,True,medium,1
2393795,True,high,7
2370499,True,high,2
2303963,True,high,20
2933693,True,medium,1
1392207,True,high,18
2880242,True,high,1
2380658,True,high,2
4087179,True,high,55
2566158,True,high,3
2931060,True,high,2
3447351,True,high,1
2569189,True,high,8
2751524,True,high,24
2544929,True,high,46
3069348,True,high,14
2353464,True,high,5
3848014,True,high,4
3535724,True,high,16
2217070,True,high,13
3304440,True,medium,1
2433841,True,high,9
3433351,True,high,7
2667956,True,high,1
2589665,True,high,3
3008380,True,high,1
967346,True,high,4
2715024,True,high,9
2392859,True,high,1
3044376,True,high,8
1647646,True,high,11
2498663,True,high,8
2446380,True,high,9
2587778,True,high,1
2286547,True,high,16
3105673,True,medium,1
2851887,True,high,5
2717050,True,high,3
2543348,True,high,9
2635339,True,high,9
4737363,True,high,4
3071695,True,high,1
2931415,True,high,4
2828477,True,high,5
2691971,True,high,11
2615985,True,high,11
2408928,True,high,54
4152820,True,medium,1
3721074,True,high,39
3011764,True,high,2
2112384,True,high,11
2458017,True,high,13
2602991,True,high,5
2382386,True,high,2
3005850,True,medium,3
3928472,True,high,8
2553978,True,high,8
2928030,True,high,11
2977180,True,medium,1
3105527,True,high,16
3034999,True,high,20
2384702,True,high,2
2364310,True,high,26
2703424,True,high,13
574043,True,high,12
244888,True,high,40
3759603,True,medium,1
2776133,True,high,2
4152786,True,medium,1
2348494,True,high,8
2823684,True,medium,3
2852067,True,high,12
2384279,True,high,4
2918044,True,high,10
2803230,True,high,15
2785102,True,high,1
3065331,True,high,16
2362381,True,high,5
2292311,True,high,7
1884048,True,high,10
2847152,True,high,25
563503,True,high,48
3526896,True,high,27
2110756,True,high,7
2697249,True,high,5
1762616,True,high,5
2427584,True,high,12
1712171,True,high,4
2799462,True,high,6
2838564,True,high,2
2444193,True,high,20
2711446,True,high,5
1235235,True,high,9
2458915,True,low,1
2887037,True,medium,1
2770663,True,high,7
2812302,True,high,49
2921819,True,high,2
2854012,True,high,1
2488695,True,high,2
3016432,True,high,6
963806,True,high,28
4305626,True,high,29
3022327,True,high,58
2776725,True,high,15
1168496,True,high,14
2715284,True,high,11
2631926,True,high,9
3045840,True,medium,1
3065319,True,high,43
2792782,True,high,19
3001718,True,high,4
396664,True,high,24
2637406,True,high,6
2779518,True,high,13
3091352,True,high,8
2671113,True,high,2
2753206,True,high,3
2157913,True,high,6
2662593,True,high,3
385507,True,high,28
2449416,True,high,1
3007276,True,high,7
4185165,True,high,25
2631796,True,high,50
853335,True,high,5
1296148,True,high,14
2934575,True,high,10
3746914,True,high,15
2205963,True,high,18
4303157,True,high,28
3109635,True,high,15
2700872,True,high,6
2637031,True,high,11
2841401,True,high,16
2496491,True,high,32
2580907,True,high,86
2685002,True,high,5
2496164,True,high,2
2861377,True,medium,1
2956159,True,high,7
2325737,True,high,3
2464952,True,high,4
2751420,True,high,25
2992091,True,high,2
101735012,True,high,7
2287357,True,high,28
2680204,True,high,9
3752673,True,high,1
2351835,True,high,20
2645759,True,high,27
1535645,True,high,29
3735549,True,high,3
102454674,True,high,18
101949900,True,high,6
2321377,True,high,23
2361056,True,high,32
3488379,True,high,4
2792742,True,high,12
3062039,True,high,19
480221,True,high,8
2464590,True,high,6
4236295,True,high,26
3026674,True,medium,2
12039618,True,medium,1
2262516,True,high,48
3720421,True,high,18
3047076,True,high,3
3102296,True,high,13
4071865,True,high,10
3153175,True,high,10
2702403,True,high,2
2561761,True,high,2
3069594,True,high,9
2226409,True,high,7
3577816,True,high,6
3005520,True,high,3
4155547,True,high,1
2079396,True,high,4
2737963,True,medium,1
2990066,True,high,3
2315916,True,high,18
4080592,True,high,8
2212974,True,high,7
2205411,True,high,11
2023174,True,high,1
3780584,True,low,1
743226,True,high,4
3009568,True,high,9
2833024,True,high,5
3747150,True,high,13
3557274,True,high,7
3058692,True,high,9
3085448,True,medium,1
2677549,True,high,13
2701493,True,high,16
2751732,True,high,3
2594650,True,high,15
4122786,True,high,54
2593949,True,high,9
3541458,True,medium,1
1254559,True,high,7
3091184,True,high,2
3034981,True,high,2
2200131,True,high,15
3951399,True,high,3
1649621,True,high,10
3086618,True,high,4
498148,True,high,4
3090152,True,high,6
3937425,True,high,34
2375046,True,high,13
2868118,True,high,2
1993161,True,high,52
2431013,True,high,25
2858910,False,none,4
3034979,True,high,3
4140129,True,high,1
2461464,True,high,3
2936722,True,high,7
3082410,True,high,26
2632007,True,high,14
1405947,True,high,8
3837873,True,high,13
2635712,True,high,8
2948761,True,high,1
1398204,True,high,5
1755847,True,high,5
3261318,True,high,1
3708149,True,high,40
2291584,True,high,7
2495262,True,high,20
2538688,True,high,9
2357985,True,high,1
3767848,True,high,2
1578161,True,high,21
2145221,True,high,4
2667905,True,high,1
427296,True,high,18
2600660,True,high,1
2227329,True,high,7
2882061,True,high,2
2211037,True,high,9
2514900,True,high,49
2768254,True,high,22
3034816,True,high,1
2424170,True,high,4
30173937,True,medium,3
1038495,True,high,7
2346543,True,high,8
2489857,True,high,10
3765604,True,high,2
944818,True,high,11
3890183,True,high,2
3545859,True,high,5
3007532,True,high,41
3720912,True,high,4
2449735,True,high,11
3224932,True,medium,1
2552013,True,high,1
2976870,True,high,4
3811446,True,high,12
2388471,True,high,21
1990306,True,high,31
3109931,False,none,1
2558610,True,high,25
2370028,True,high,1
1791413,True,high,5
1062481,True,high,12
3751086,True,high,15
2713138,True,medium,1
2578658,True,high,7
2320339,True,high,1
2447352,True,high,1
2365648,True,high,36
2959119,True,low,1
2319444,True,high,6
443931,True,high,10
2384440,True,high,2
2362866,True,high,14
3058120,True,high,4
2746554,True,medium,3
2815654,True,high,8
2518076,True,high,21
2424023,True,high,6
2905498,True,high,13
2734949,True,high,34
1760541,True,high,6
2580842,True,high,2
436177,True,high,27
2795700,True,high,22
2388665,True,high,5
3774128,True,high,1
2458939,True,high,16
3781820,True,high,12
3752445,True,medium,1
2607869,True,high,32
2812199,True,high,33
2506571,True,high,2
3008378,True,high,9
3767185,True,medium,1
2495941,True,high,1
1521057,True,high,20
3096136,True,high,8
3057157,True,medium,1
1926295,True,high,83
3067173,True,medium,1
2826918,True,high,13
2527877,True,high,3
2594528,True,high,3
1045157,True,high,27
4152655,True,high,3
2812397,True,high,10
3749727,True,high,5
2712805,True,high,7
2404032,True,high,17
2730731,True,high,18
2996577,True,high,34
2588494,True,high,8
4024622,True,high,13
2803425,True,high,3
2518172,True,high,8
3040602,True,high,21
2431110,True,high,7
2969358,True,high,1
2583524,True,high,8
717332,True,high,25
375383,True,high,7
2626100,True,high,1
2426120,True,high,2
4202167,True,high,7
2713192,True,medium,1
2514686,True,high,5
2685210,True,high,2
3214802,True,high,4
3015191,True,high,3
877097,True,high,17
2202201,True,high,39
2745044,True,high,10
3972601,True,high,21
2209248,True,high,8
2650947,True,high,13
2754380,True,high,2
3043359,True,high,5
3795247,True,high,7
102631810,True,high,10
1893371,True,high,9
3768488,True,high,12
1006703,True,high,3
2827726,True,high,5
2766901,True,high,9
2499796,True,high,4
1983046,True,high,3
2905453,True,high,32
1061366,True,high,7
2925578,True,high,3
2948942,True,high,6
2456840,True,high,12
2142311,True,high,3
396451,True,high,12
2715026,True,high,8
2289301,True,high,4
3393082,True,high,10
1913189,False,none,1
2332353,False,none,1
2768975,True,high,4
2343056,True,high,36
2501162,True,medium,1
1312742,True,high,8
2638193,True,high,3
2517245,True,high,5
3111446,True,high,22
3014531,True,high,17
2274776,True,high,49
2971924,True,high,42
3740592,False,none,2
4123073,True,high,8
3105310,True,high,8
2736265,True,high,4
2581009,True,high,1
2419794,True,high,11
2977265,True,high,6
1731283,True,high,5
2656509,True,high,6
2826979,True,high,16
3199254,True,high,1
3752250,True,high,5
2417152,True,high,6
3568939,True,high,9
2862303,True,high,1
1604408,True,high,11
2410403,True,high,3
2341917,True,high,4
2587072,False,none,2
1915669,True,high,17
2880811,True,high,11
2360081,True,high,12
2615679,True,high,8
2485901,True,high,64
2544822,False,none,1
769312,True,high,13
3388327,True,high,10
3005801,False,none,1
2448484,True,high,8
3262308,True,medium,1
2584733,True,high,17
2987881,True,low,3
2210356,True,high,13
2848442,True,high,7
2456354,True,high,2
2498291,True,high,35
2349512,True,high,3
2407627,True,high,8
2980649,True,high,23
2057612,True,high,12
2874647,True,high,21
3290738,True,high,3
2354412,True,high,4
4152166,True,high,2
2926672,True,high,16
3105200,True,high,36
2928595,True,high,2
3106976,True,medium,1
3729252,True,medium,1
2554646,True,high,17
101740152,True,high,64
3860710,True,high,19
2399144,True,high,24
2847016,True,high,7
2884965,True,high,12
3010439,True,high,8
2772199,True,high,10
3117923,True,high,5
2668876,True,high,15
2737579,True,high,6
3781654,True,high,43
2957791,True,high,6
2919786,True,high,21
3852326,True,high,114
3263911,True,medium,1
3062315,True,high,6
18289448,True,high,5
2319250,True,high,10
2941642,True,high,54
2328684,True,high,8
3794631,True,high,4
3054664,True,high,1
758479,True,high,3
2940161,True,high,28
3754907,True,high,14
2311460,True,high,5
3778444,True,high,3
1887775,True,high,10
3036278,True,medium,1
1317656,True,high,9
101833751,True,high,10
2737184,True,high,7
491963,True,high,14
2547608,True,high,14
2083446,True,high,2
2508437,True,high,16
3088402,True,medium,1
1231213,True,high,1
2705464,True,medium,1
2544953,True,high,2
2618898,True,high,9
1301945,True,high,15
2927047,True,high,7
3096903,True,high,3
3013059,True,high,26
1876736,True,high,19
3790891,True,high,111
2919331,True,high,12
1204134,True,high,5
2377229,True,high,4
3065776,True,high,4
2615691,True,high,9
2464914,True,high,64
2754918,True,high,19
102179202,True,high,14
2504722,True,high,4
2975802,True,high,31
2191554,True,high,19
2351459,True,high,9
2896257,True,high,16
1232781,True,high,38
3020832,True,high,1
3050547,True,high,2
3038919,True,medium,1
2302008,True,high,15
2359772,True,high,25
2920865,True,high,1
2543200,True,high,4
1861387,True,high,9
2359603,True,high,1
2918020,True,medium,3
2925024,True,high,6
2997485,True,high,19
3055319,True,high,12
2459354,True,high,2
3732071,True,high,140
2531899,True,high,1
3482632,True,high,39
2857475,True,high,5
3747998,True,medium,1
3808635,True,high,4
2549525,True,high,18
1728761,True,high,8
3600676,True,high,2
3405199,True,high,8
2231654,True,high,6
1210867,True,high,1
2969492,True,high,4
3036133,True,medium,1
680087,False,none,1
2996567,True,high,15
2336132,True,high,6
101807370,True,high,10
2764485,True,high,12
2426725,True,high,1
3021893,True,high,5
3914298,True,high,21
3732436,True,high,11
3777363,True,high,20
3323469,True,high,25
2490858,True,high,8
3101837,True,high,12
3069185,True,high,59
2192111,True,high,30
3529437,True,high,1
2951624,True,high,34
2697163,True,high,27
2521688,True,high,26
2186928,True,high,9
2751608,True,high,14
2627748,True,high,5
2812565,True,high,7
2292844,True,high,63
2425771,True,high,25
1652190,True,high,5
2598931,True,high,3
3036585,True,high,2
101807573,True,high,18
